what;featSet;pearsonR;MutInf;dCorr;LR;L1;L2;SVM;RF;RFSTD;ANOVA;LDA;PCA
arousal;all;0.0329492229198;0.0233905036051;0.156349142984;-0.00790517422883;0.0297166318985;-0.0421290085054;0.000852726706336;0.0725379772423;0.121787657244;0.00429689276256;-0.0271506734107;-0.0611386183521
arousal;eeg;0.0402102643723;0.147344426261;0.168701296359;-0.0172068314498;0.133971550311;-0.085025843104;0.0616055345481;-0.0211740773394;-0.00806433972784;0.0562661164075;-0.0338220558164;-0.0280708873186
arousal;phy;-0.0466800948176;-0.0224422407288;0.0204598709286;-0.0371371736;0.0334036170271;-0.0418303410055;-0.100936176147;0.0290804847814;-0.00662302758879;-0.0220922970935;-0.0677150988911;0.0270156612513
valence;all;-0.0599755530898;-0.0999525612529;-0.146677400639;0.0445519359126;0.00575306201623;0.0356432916374;0.0763835421464;0.0572209101393;0.00130247383512;-0.0141031011198;0.0622647893976;-0.0737872079098
valence;eeg;-0.130611310637;0.0654611696741;-0.0607358649476;0.14287685973;0.0103036447553;-0.0640226078186;-0.134622887098;0.0695323886986;-0.0801634597181;-0.0815201885101;0.0354793156264;0.000150750838026
valence;phy;-0.0879154261481;0.172615318072;0.0857156644721;-0.00419097177773;0.0862373666986;-0.00675526281147;-0.135943689089;-0.0865594930204;0.0191877641019;0.16159895805;0.0273276132797;0.0136327637742
